pipeline_code,model,detected,relevant_code_issue,fix,confidence
../../example_pipelines2\cross_validation\example-0.py,gemini-2.0-flash-001,False,"The code uses `cross_val_score` with `cv=5`. This is a standard cross-validation approach. There's no immediately obvious error in the cross-validation setup itself. The issue description mentions bias depending on the validation strategy, but without more context or specific concerns about the data or model, it's difficult to identify a concrete problem. The undersampling is performed before feature selection and cross-validation, which is generally good practice to avoid data leakage.","Without more information about the specific cross-validation errors or biases being referred to, it's difficult to provide a targeted fix. However, some general recommendations to improve cross-validation include:

1.  **Stratified K-Fold:** If the target variable is imbalanced even after undersampling, consider using `StratifiedKFold` to ensure each fold has a representative distribution of classes.
2.  **Data Leakage:** Double-check that feature selection and preprocessing steps are performed *within* each cross-validation fold to prevent data leakage. The current code appears to do this correctly.
3.  **Shuffle Data:** Ensure the data is shuffled before splitting into folds, especially if the data is sorted in some way. This is generally handled by `cross_val_score` but can be explicitly controlled using `ShuffleSplit`.
4.  **More Folds:** Increase the number of cross-validation folds (e.g., `cv=10`) to get a more robust estimate of model performance.
5.  **Inspect Folds:** Examine the data distribution within each fold to ensure they are reasonably representative of the overall dataset.

If specific biases or errors are observed, further investigation and adjustments to the data preprocessing, feature selection, or model selection steps may be necessary.",1
../../example_pipelines2\data_anonymization\example-0.py,gemini-2.0-flash-001,True,"The code uses `LabelEncoder` for all object columns without considering the potential for information leakage or the need for more robust anonymization techniques. Specifically, applying `LabelEncoder` directly without proper context or consideration of the data's sensitivity can lead to unintended disclosure of information. The dropping of 'education' and 'occupation' columns can also be considered a form of anonymization, but it's a very basic one and might not be sufficient depending on the sensitivity of the data.","1.  **Evaluate the necessity of anonymization:** Determine if anonymization is truly required based on the data's sensitivity and the project's privacy requirements.
2.  **Implement differential privacy techniques:** Consider adding noise to the data or using other differential privacy methods to protect individual privacy.
3.  **Use more sophisticated anonymization techniques:** Explore techniques like k-anonymity or l-diversity if label encoding is insufficient.
4.  **Consider data masking or tokenization:** For sensitive fields, consider masking or tokenizing the data instead of directly encoding it.
5.  **Address information leakage:** Be mindful of potential information leakage during label encoding, especially if the same encoder is used across different datasets or versions of the data. If the 'salary' column represents income brackets, consider grouping them into broader categories to reduce granularity.
6.  **Document the anonymization process:** Clearly document all anonymization steps taken, including the rationale behind each decision and the potential limitations of the chosen techniques.
7.  **Review dropped columns:** Evaluate if dropping 'education' and 'occupation' is the best approach. Consider other methods like generalization or suppression if these columns are important for the analysis but need to be anonymized.

```python
# Example using pandas cut to bin 'age' into categories as a form of anonymization
data['age'] = pd.cut(data['age'], bins=[0, 25, 40, 60, 100], labels=['Young', 'Adult', 'Middle-Aged', 'Senior'])

# Example using hashing to anonymize a column
import hashlib
def hash_value(value):
    return hashlib.sha256(str(value).encode()).hexdigest()

# Apply hashing to a column (e.g., 'native-country')
# data['native-country'] = data['native-country'].apply(hash_value)

# Replace LabelEncoder with a more controlled mapping for 'salary'
salary_mapping = {'<=50K': 0, '>50K': 1}  # Explicit mapping
data['salary'] = data['salary'].map(salary_mapping).fillna(-1) # Handle unexpected values

```",1
../../example_pipelines2\data_filtering\example-0.py,gemini-2.0-flash-001,True,"The code filters the data based on 'Age' and 'HighChol' columns using hardcoded values. Specifically, `data_filtered = data[data['Age'] > 4]` and `data_filtered = data_filtered[data_filtered['HighChol'] > 0]`. This type of filtering can introduce bias or remove relevant data if the thresholds are not chosen carefully or are not appropriate for the dataset. The DAG also reflects this in the ""Filter Data"" node.","Implement a more flexible and data-driven approach to filtering. This could involve:

1.  **Parameterize the filter values:** Instead of hardcoding `4` and `0`, define these values as parameters that can be easily adjusted.
2.  **Explore data distribution:** Before filtering, analyze the distribution of 'Age' and 'HighChol' to make informed decisions about appropriate filter values. Consider using percentiles or standard deviations as thresholds.
3.  **Consider domain knowledge:** Consult with domain experts to understand the appropriate ranges for these features.
4.  **Implement logging:** Log the number of rows removed by each filter to monitor the impact of the filtering process.
5.  **Add comments:** Explain the rationale behind the chosen filter values.

Here's an example of how to parameterize the filter values:

```python
age_threshold = 4 #Can be read from config
high_chol_threshold = 0 #Can be read from config

data_filtered = data[data['Age'] > age_threshold]
data_filtered = data_filtered[data_filtered['HighChol'] > high_chol_threshold]
```

Update the DAG to reflect the parameterized values.",1
../../example_pipelines2\data_imputation\example-0.py,gemini-2.0-flash-001,True,"The code uses `SimpleImputer` with the `most_frequent` strategy. While this is a valid imputation strategy, it might not be the most appropriate for all datasets and features. The choice of imputation strategy should be based on the nature of the missing data and the characteristics of the features. Using 'most_frequent' blindly can lead to biased or inaccurate results, especially if the missing data is not Missing Completely At Random (MCAR). Also, the imputer is fit only on the training data, which is correct, but there's no explicit handling of potential new categories in the test set after label encoding and imputation.","1.  **Consider alternative imputation strategies:** Evaluate whether 'most_frequent' is the best strategy for your data. Other options include 'mean', 'median', or using a more sophisticated method like k-NN imputation. The choice depends on the data distribution and the nature of missingness.

2.  **Handle potential new categories after label encoding:** After label encoding, if the test set contains categories not present in the training set, the imputer might encounter issues. Consider handling this by either adding a small constant to the encoded values or using a more robust encoding strategy.

3.  **Evaluate Imputation Performance:** Add a step to evaluate the impact of the imputation strategy on the model's performance. This could involve comparing the model's performance with and without imputation, or trying different imputation strategies and selecting the one that yields the best results.

Here's an example incorporating the first two points:

```python
from sklearn.impute import SimpleImputer
from sklearn.preprocessing import LabelEncoder
import pandas as pd

# Example data (replace with your actual data loading)
data = {'feature1': ['a', 'b', 'a', None, 'b', 'c'],
        'feature2': [1, 2, None, 4, 5, 6],
        'target': [0, 1, 0, 1, 0, 1]}
df = pd.DataFrame(data)

# Separate features and target
X = df.drop('target', axis=1)
y = df['target']

# Identify object columns for label encoding
object_cols = X.select_dtypes(include=['object']).columns

# Label encode object columns
label_encoders = {}
for col in object_cols:
    le = LabelEncoder()
    # Fit on combined data to handle unseen labels in test
    X[col] = le.fit_transform(X[col].astype(str))
    label_encoders[col] = le

# Split data
from sklearn.model_selection import train_test_split
X_train, X_test, y_train, y_test = train_test_split(X, y, test_size=0.2, random_state=42)


# Impute missing values (using 'most_frequent' as an example)
imputer = SimpleImputer(strategy='most_frequent')
X_train_imputed = imputer.fit_transform(X_train)
X_test_imputed = imputer.transform(X_test)

# Convert back to DataFrame for easier handling (optional)
X_train_imputed = pd.DataFrame(X_train_imputed, columns=X.columns)
X_test_imputed = pd.DataFrame(X_test_imputed, columns=X.columns)


# Now you can proceed with model training and evaluation
from sklearn.ensemble import RandomForestClassifier
from sklearn.metrics import accuracy_score, classification_report

model = RandomForestClassifier(random_state=42)
model.fit(X_train_imputed, y_train)
y_pred = model.predict(X_test_imputed)

print(""Accuracy:"", accuracy_score(y_test, y_pred))
print(""Classification Report:\n"", classification_report(y_test, y_pred))
```

Key changes:

*   **Combined Fitting for Label Encoding:** The `fit_transform` method of `LabelEncoder` is applied to the entire column before splitting the data into training and testing sets. This ensures that the encoder is aware of all possible categories in the feature, preventing the ""unseen label"" issue during the `transform` step on the test set.
*   **Imputation Strategy Consideration:**  The code still uses `most_frequent` as an example, but the comment emphasizes the importance of choosing the right strategy based",1
../../example_pipelines2\data_leakage\example-0.py,gemini-2.0-flash-001,False,"No data leakage detected in the provided code. The train_test_split function is correctly used before preprocessing and model training, preventing leakage from the test set into the training set.",No fix is required as no data leakage is detected.,1
../../example_pipelines2\data_slicing\example-0.py,gemini-2.0-flash-001,True,"The code uses `ColumnTransformer` to apply different preprocessing steps to different columns. However, it only includes `is_recid` and `age` in the `ColumnTransformer`. The other columns selected in the initial data selection step (`columns_to_use`) are not explicitly handled. This can lead to data slicing errors because the model is only trained on a subset of the available features, potentially ignoring important information.","To fix this, include all relevant columns in the `ColumnTransformer`. Define preprocessing pipelines for the remaining categorical and numerical features. For example:

```python
# Define lists of categorical and numerical columns
categorical_cols = ['sex', 'c_charge_degree', 'race']
numerical_cols = ['priors_count', 'days_b_screening_arrest', 'decile_score']

# Create pipelines for each type of column
categorical_pipeline = Pipeline([
    ('imputer', SimpleImputer(strategy='most_frequent')),
    ('onehot', OneHotEncoder(handle_unknown='ignore'))
])

numerical_pipeline = Pipeline([
    ('imputer', SimpleImputer(strategy='mean')),
    ('scaler', StandardScaler())
])

# Update the ColumnTransformer
featurizer = ColumnTransformer(transformers=[
    ('categorical', categorical_pipeline, categorical_cols),
    ('numerical', numerical_pipeline, numerical_cols),
    ('is_recid_pipeline', impute1_and_onehot, ['is_recid']),
    ('age_pipeline', impute2_and_bin, ['age'])
])
```

This ensures that all selected columns are properly preprocessed and used in the model training process, preventing data slicing errors. Also, consider handling 'dob', 'c_jail_in', and 'c_jail_out' appropriately, possibly through feature engineering (e.g., calculating jail time duration).",1
../../example_pipelines2\data_splitting\example-0.py,gemini-2.0-flash-001,False,"The code uses `train_test_split` with a `random_state`, which ensures reproducibility. There are no apparent errors in how the data is split.",No fix is needed.,1
../../example_pipelines2\specification_bias\example-0.py,gemini-2.0-flash-001,False,"The provided code does not show obvious signs of specification bias. The features are selected based on their data type (categorical vs. numerical), and standard preprocessing techniques (imputation and one-hot encoding) are applied. The model is a RandomForestClassifier, a common and relatively robust algorithm. There's no immediate indication of crucial variables being omitted or the problem being framed inappropriately based solely on this code.","To further investigate specification bias, consider the following:

1.  **Domain Expertise:** Consult with domain experts to ensure all relevant features are included in the model. Are there any external factors or domain-specific knowledge that could influence the outcome?
2.  **Feature Importance Analysis:** After training the model, analyze feature importance to identify potentially irrelevant or redundant features. This can be done using the `feature_importances_` attribute of the RandomForestClassifier.
3.  **Residual Analysis:** Examine the residuals (the difference between predicted and actual values) to identify patterns that might suggest the model is systematically under- or over-predicting for certain subgroups.
4.  **Alternative Model Specifications:** Experiment with different model specifications, including different sets of features, different preprocessing techniques, and different algorithms. Compare the performance of these models to see if any consistently outperform the current model.
5.  **Consider Interactions:** Explore potential interaction effects between features. The current model treats each feature independently (after one-hot encoding). Interaction terms can capture more complex relationships.
6.  **Data Exploration:** Perform thorough exploratory data analysis (EDA) to understand the relationships between variables and identify potential sources of bias.",1
