model,relevant_code_issue,issue_name,fix
gpt-4o-mini,"The code does not anonymize sensitive data before processing, which can lead to privacy concerns.",../../example_pipelines2\data_anonymization\example-0.py,"Implement data anonymization techniques, such as removing or masking sensitive information, before processing the data."
gpt-4o-mini,"The filtering conditions applied to the dataset may not be comprehensive enough, as they only filter based on 'Age' and 'HighChol', potentially excluding relevant data points that could affect the model's performance.",../../example_pipelines2\data_filtering\example-0.py,"Enhance the filtering criteria to include additional relevant features that may impact the 'Diabetes_binary' outcome, ensuring a more robust dataset for training."
gpt-4o-mini,"The code uses SimpleImputer with the strategy 'most_frequent', which may not be suitable for all datasets, especially if the missing values are not missing at random. This can lead to incorrect imputations.",../../example_pipelines2\data_imputation\example-0.py,"Consider using a more robust imputation strategy, such as 'mean' for numerical features or 'median' for skewed distributions. Additionally, evaluate the missing data pattern and consider using KNN imputation or other advanced techniques."
gpt-4o-mini,"The code does not properly separate the training and testing datasets before any preprocessing steps, which can lead to data leakage if any information from the test set is used during training.",../../example_pipelines2\data_leakage\example-0.py,Ensure that the train-test split is performed before any preprocessing steps are applied to the data. This can be done by moving the `train_test_split` call before the preprocessing pipeline is defined and applied.
gpt-4o-mini,"The code uses `train_test_split` without ensuring that the labels are stratified, which can lead to imbalanced splits if the classes are not evenly distributed.",../../example_pipelines2\data_splitting\example-0.py,"Modify the `train_test_split` function to include the `stratify` parameter, using `raw_data['score_text']` to ensure that the split maintains the proportion of classes in both training and testing datasets:
```python
train_data, test_data, train_labels, test_labels = train_test_split(prepared_data, raw_data['score_text'], test_size=0.2, random_state=42, stratify=raw_data['score_text'])
```"
gpt-4o-mini,"The model is trained on a dataset that may contain biases, particularly if the dataset is not representative of the population or if certain groups are underrepresented. This can lead to specification bias.",../../example_pipelines2\specification_bias\example-0.py,"To mitigate specification bias, ensure that the dataset is representative of the target population. Consider using techniques such as stratified sampling, and perform exploratory data analysis to identify and address any potential biases in the data before training the model."
gemini-2.0-flash-001,"The code uses `LabelEncoder` for all object columns without considering the potential for information leakage or the need for more robust anonymization techniques. Specifically, applying `LabelEncoder` directly without proper context or consideration of the data's sensitivity can lead to unintended disclosure of information. The dropping of 'education' and 'occupation' columns can also be considered a form of anonymization, but it's a very basic one and might not be sufficient depending on the sensitivity of the data.",../../example_pipelines2\data_anonymization\example-0.py,"1.  **Evaluate the necessity of anonymization:** Determine if anonymization is truly required based on the data's sensitivity and the project's privacy requirements.
2.  **Implement differential privacy techniques:** Consider adding noise to the data or using other differential privacy methods to protect individual privacy.
3.  **Use more sophisticated anonymization techniques:** Explore techniques like k-anonymity or l-diversity if label encoding is insufficient.
4.  **Consider data masking or tokenization:** For sensitive fields, consider masking or tokenizing the data instead of directly encoding it.
5.  **Address information leakage:** Be mindful of potential information leakage during label encoding, especially if the same encoder is used across different datasets or versions of the data. If the 'salary' column represents income brackets, consider grouping them into broader categories to reduce granularity.
6.  **Document the anonymization process:** Clearly document all anonymization steps taken, including the rationale behind each decision and the potential limitations of the chosen techniques.
7.  **Review dropped columns:** Evaluate if dropping 'education' and 'occupation' is the best approach. Consider other methods like generalization or suppression if these columns are important for the analysis but need to be anonymized.

```python
# Example using pandas cut to bin 'age' into categories as a form of anonymization
data['age'] = pd.cut(data['age'], bins=[0, 25, 40, 60, 100], labels=['Young', 'Adult', 'Middle-Aged', 'Senior'])

# Example using hashing to anonymize a column
import hashlib
def hash_value(value):
    return hashlib.sha256(str(value).encode()).hexdigest()

# Apply hashing to a column (e.g., 'native-country')
# data['native-country'] = data['native-country'].apply(hash_value)

# Replace LabelEncoder with a more controlled mapping for 'salary'
salary_mapping = {'<=50K': 0, '>50K': 1}  # Explicit mapping
data['salary'] = data['salary'].map(salary_mapping).fillna(-1) # Handle unexpected values

```"
gemini-2.0-flash-001,"The code filters the data based on 'Age' and 'HighChol' columns using hardcoded values. Specifically, `data_filtered = data[data['Age'] > 4]` and `data_filtered = data_filtered[data_filtered['HighChol'] > 0]`. This type of filtering can introduce bias or remove relevant data if the thresholds are not chosen carefully or are not appropriate for the dataset. The DAG also reflects this in the ""Filter Data"" node.",../../example_pipelines2\data_filtering\example-0.py,"Implement a more flexible and data-driven approach to filtering. This could involve:

1.  **Parameterize the filter values:** Instead of hardcoding `4` and `0`, define these values as parameters that can be easily adjusted.
2.  **Explore data distribution:** Before filtering, analyze the distribution of 'Age' and 'HighChol' to make informed decisions about appropriate filter values. Consider using percentiles or standard deviations as thresholds.
3.  **Consider domain knowledge:** Consult with domain experts to understand the appropriate ranges for these features.
4.  **Implement logging:** Log the number of rows removed by each filter to monitor the impact of the filtering process.
5.  **Add comments:** Explain the rationale behind the chosen filter values.

Here's an example of how to parameterize the filter values:

```python
age_threshold = 4 #Can be read from config
high_chol_threshold = 0 #Can be read from config

data_filtered = data[data['Age'] > age_threshold]
data_filtered = data_filtered[data_filtered['HighChol'] > high_chol_threshold]
```

Update the DAG to reflect the parameterized values."
gemini-2.0-flash-001,"The code uses `SimpleImputer` with the `most_frequent` strategy. While this is a valid imputation strategy, it might not be the most appropriate for all datasets and features. The choice of imputation strategy should be based on the nature of the missing data and the characteristics of the features. Using 'most_frequent' blindly can lead to biased or inaccurate results, especially if the missing data is not Missing Completely At Random (MCAR). Also, the imputer is fit only on the training data, which is correct, but there's no explicit handling of potential new categories in the test set after label encoding and imputation.",../../example_pipelines2\data_imputation\example-0.py,"1.  **Consider alternative imputation strategies:** Evaluate whether 'most_frequent' is the best strategy for your data. Other options include 'mean', 'median', or using a more sophisticated method like k-NN imputation. The choice depends on the data distribution and the nature of missingness.

2.  **Handle potential new categories after label encoding:** After label encoding, if the test set contains categories not present in the training set, the imputer might encounter issues. Consider handling this by either adding a small constant to the encoded values or using a more robust encoding strategy.

3.  **Evaluate Imputation Performance:** Add a step to evaluate the impact of the imputation strategy on the model's performance. This could involve comparing the model's performance with and without imputation, or trying different imputation strategies and selecting the one that yields the best results.

Here's an example incorporating the first two points:

```python
from sklearn.impute import SimpleImputer
from sklearn.preprocessing import LabelEncoder
import pandas as pd

# Example data (replace with your actual data loading)
data = {'feature1': ['a', 'b', 'a', None, 'b', 'c'],
        'feature2': [1, 2, None, 4, 5, 6],
        'target': [0, 1, 0, 1, 0, 1]}
df = pd.DataFrame(data)

# Separate features and target
X = df.drop('target', axis=1)
y = df['target']

# Identify object columns for label encoding
object_cols = X.select_dtypes(include=['object']).columns

# Label encode object columns
label_encoders = {}
for col in object_cols:
    le = LabelEncoder()
    # Fit on combined data to handle unseen labels in test
    X[col] = le.fit_transform(X[col].astype(str))
    label_encoders[col] = le

# Split data
from sklearn.model_selection import train_test_split
X_train, X_test, y_train, y_test = train_test_split(X, y, test_size=0.2, random_state=42)


# Impute missing values (using 'most_frequent' as an example)
imputer = SimpleImputer(strategy='most_frequent')
X_train_imputed = imputer.fit_transform(X_train)
X_test_imputed = imputer.transform(X_test)

# Convert back to DataFrame for easier handling (optional)
X_train_imputed = pd.DataFrame(X_train_imputed, columns=X.columns)
X_test_imputed = pd.DataFrame(X_test_imputed, columns=X.columns)


# Now you can proceed with model training and evaluation
from sklearn.ensemble import RandomForestClassifier
from sklearn.metrics import accuracy_score, classification_report

model = RandomForestClassifier(random_state=42)
model.fit(X_train_imputed, y_train)
y_pred = model.predict(X_test_imputed)

print(""Accuracy:"", accuracy_score(y_test, y_pred))
print(""Classification Report:\n"", classification_report(y_test, y_pred))
```

Key changes:

*   **Combined Fitting for Label Encoding:** The `fit_transform` method of `LabelEncoder` is applied to the entire column before splitting the data into training and testing sets. This ensures that the encoder is aware of all possible categories in the feature, preventing the ""unseen label"" issue during the `transform` step on the test set.
*   **Imputation Strategy Consideration:**  The code still uses `most_frequent` as an example, but the comment emphasizes the importance of choosing the right strategy based"
gemini-2.0-flash-001,"The code uses `ColumnTransformer` to apply different preprocessing steps to different columns. However, it only includes `is_recid` and `age` in the `ColumnTransformer`. The other columns selected in the initial data selection step (`columns_to_use`) are not explicitly handled. This can lead to data slicing errors because the model is only trained on a subset of the available features, potentially ignoring important information.",../../example_pipelines2\data_slicing\example-0.py,"To fix this, include all relevant columns in the `ColumnTransformer`. Define preprocessing pipelines for the remaining categorical and numerical features. For example:

```python
# Define lists of categorical and numerical columns
categorical_cols = ['sex', 'c_charge_degree', 'race']
numerical_cols = ['priors_count', 'days_b_screening_arrest', 'decile_score']

# Create pipelines for each type of column
categorical_pipeline = Pipeline([
    ('imputer', SimpleImputer(strategy='most_frequent')),
    ('onehot', OneHotEncoder(handle_unknown='ignore'))
])

numerical_pipeline = Pipeline([
    ('imputer', SimpleImputer(strategy='mean')),
    ('scaler', StandardScaler())
])

# Update the ColumnTransformer
featurizer = ColumnTransformer(transformers=[
    ('categorical', categorical_pipeline, categorical_cols),
    ('numerical', numerical_pipeline, numerical_cols),
    ('is_recid_pipeline', impute1_and_onehot, ['is_recid']),
    ('age_pipeline', impute2_and_bin, ['age'])
])
```

This ensures that all selected columns are properly preprocessed and used in the model training process, preventing data slicing errors. Also, consider handling 'dob', 'c_jail_in', and 'c_jail_out' appropriately, possibly through feature engineering (e.g., calculating jail time duration)."
gpt-4o,"The data filtering step in the code is performed using the following lines:
```python
data_filtered = data[data['Age'] > 4]
data_filtered = data_filtered[data_filtered['HighChol'] > 0]
```
This filtering process may not be appropriate if the intention is to include all records with non-zero 'HighChol' values and ages greater than 4. The filtering logic should be verified to ensure it aligns with the intended data processing requirements.",../../example_pipelines2\data_filtering\example-0.py,"To ensure the filtering logic is correct, review the conditions applied. If the intention is to filter out records with 'Age' less than or equal to 4 and 'HighChol' less than or equal to 0, the current logic is correct. However, if there are additional conditions or a different logic intended, adjust the filtering conditions accordingly. For example, if you want to ensure that both conditions are applied simultaneously, you can use:
```python
data_filtered = data[(data['Age'] > 4) & (data['HighChol'] > 0)]
```
This ensures that both conditions are applied in a single step, which can help prevent potential logical errors."
gpt-4o,"The code uses `SimpleImputer` with the strategy set to 'most_frequent', which may not be appropriate for all features, especially numerical ones. This can lead to incorrect imputations if the most frequent value is not representative of the missing data.",../../example_pipelines2\data_imputation\example-0.py,"Review the data types of the features and apply different imputation strategies based on the feature type. For numerical features, consider using 'mean' or 'median' strategies. For categorical features, 'most_frequent' might be appropriate, but ensure it aligns with the data distribution. For example:

```python
# Separate numerical and categorical features
numerical_features = X_train.select_dtypes(include=['int64', 'float64']).columns
categorical_features = X_train.select_dtypes(include=['object']).columns

# Impute numerical features with 'mean'
numerical_imputer = SimpleImputer(strategy='mean')
X_train[numerical_features] = numerical_imputer.fit_transform(X_train[numerical_features])
X_test[numerical_features] = numerical_imputer.transform(X_test[numerical_features])

# Impute categorical features with 'most_frequent'
categorical_imputer = SimpleImputer(strategy='most_frequent')
X_train[categorical_features] = categorical_imputer.fit_transform(X_train[categorical_features])
X_test[categorical_features] = categorical_imputer.transform(X_test[categorical_features])
```

This approach ensures that the imputation strategy is more suitable for the type of data being handled, potentially improving model performance and result reliability."
gpt-4o,"The issue is related to the slicing of data during the featurization phase. Specifically, the `ColumnTransformer` is configured to apply transformations to only the 'is_recid' and 'age' columns. This could lead to data slicing errors if other relevant features are not being processed or if the selected columns do not align with the intended feature set for the model.",../../example_pipelines2\data_slicing\example-0.py,"Review the columns being transformed in the `ColumnTransformer` and ensure that all necessary features are included. If additional features are needed, they should be added to the `transformers` list in the `ColumnTransformer`. For example, if 'priors_count' or other features are relevant, they should be included in the featurization process. Additionally, ensure that the transformations applied are appropriate for the data types and intended use of each feature."
gpt-4o,"The issue is in the data splitting process where the labels are binarized after the train-test split. This can lead to a situation where the classes in the test set are not represented in the training set, especially if the dataset is imbalanced. This can cause misleading performance metrics and affect model interpretability.",../../example_pipelines2\data_splitting\example-0.py,"To fix this issue, ensure that the label binarization is done before the train-test split. This way, the class distribution is preserved in both the training and test sets. Modify the code as follows:

```python
# Binarize labels before train-test split
raw_data['score_text'] = label_binarize(raw_data['score_text'], classes=['High', 'Low'])

# Perform train-test split
train_data, test_data, train_labels, test_labels = train_test_split(prepared_data, raw_data['score_text'], test_size=0.2, random_state=42)
```

This change ensures that the class distribution is consistent across both the training and test datasets, leading to more reliable model evaluation."
gpt-4o,"The issue of specification bias can arise from the way features are selected and processed. In this code, all categorical features are one-hot encoded without any domain-specific feature engineering or consideration of potential biases in the data. This can lead to specification bias if important relationships or interactions are not captured or if irrelevant features are included.",../../example_pipelines2\specification_bias\example-0.py,"To address specification bias, consider performing exploratory data analysis (EDA) to understand the relationships and interactions between features. Use domain knowledge to guide feature selection and engineering. Additionally, consider using techniques like feature importance analysis to identify and remove irrelevant features. You might also explore interaction terms or polynomial features if they are relevant to the problem domain."
